Decision Tree,log2,0.323625,0.35179640718562877,0.36312849162011174,0.31671701913393757,0.2645761881430671,0.3053269813772196,0.35785785785785784,0.34484649122807015,0.28892455858747995,705,442,392,465,514,715,349,391,498,386,629,473,592,455,454,540
Decision Tree,sqrt,0.326375,0.35778443113772457,0.36312849162011174,0.3116817724068479,0.27437530622244,0.313922942206655,0.3611111111111111,0.3292553191489362,0.3017241379310345,717,424,396,467,507,715,357,390,512,416,619,439,548,425,508,560
Decision Tree,,0.333875,0.37674650698602796,0.3504316912138141,0.32275931520644513,0.28662420382165604,0.3145833333333333,0.34972123669538774,0.3601123595505618,0.3167298321602599,755,432,365,452,545,690,351,383,514,404,641,427,586,447,423,585
AdaBoost,0.1,0.383625,0.4820359281437126,0.16251904520060945,0.6112789526686808,0.27878490935815775,0.38016528925619836,0.7785888077858881,0.3779576587795766,0.3099128540305011,966,1,600,437,593,320,596,460,347,55,1214,370,635,35,802,569
AdaBoost,0.25,0.399875,0.45159680638722555,0.23869984763839514,0.5961732124874118,0.3135717785399314,0.398152221733392,0.5669481302774427,0.38193548387096776,0.3559510567296997,905,113,573,413,530,470,586,383,312,128,1184,362,526,118,757,640
AdaBoost,0.5,0.410625,0.4880239520958084,0.30878618588115797,0.5443101711983888,0.3027927486526213,0.38337906703253627,0.4939073923639318,0.4244208873184138,0.36983842010771995,978,210,427,389,581,608,436,344,384,201,1081,320,608,212,603,618
AdaBoost,0.75,0.411125,0.48602794411177647,0.3174200101574403,0.5443101711983888,0.2983831455169035,0.3794312426957538,0.47420333839150225,0.42492138364779874,0.38765117759388923,974,243,427,360,589,625,423,332,409,226,1081,270,595,224,613,609
AdaBoost,1.0,0.404875,0.48253493013972054,0.33925850685627224,0.5080563947633434,0.29152376286134246,0.37832550860719877,0.44385382059800665,0.43082835183603757,0.3725735754539762,967,291,388,358,575,668,392,334,405,262,1009,310,609,284,553,595
AdaBoost,1.25,0.404625,0.48602794411177647,0.3387506348400203,0.5045317220543807,0.29103380695737385,0.37693498452012386,0.44496330887258173,0.43527367506516074,0.36780185758513934,974,296,382,352,590,667,369,343,403,255,1002,326,617,281,549,594
AdaBoost,1.5,0.3975,0.48003992015968067,0.329608938547486,0.4909365558912387,0.29103380695737385,0.3772549019607843,0.4414965986394558,0.41648868005126016,0.3624161073825503,962,287,385,370,563,649,421,336,418,254,975,339,607,280,560,594
AdaBoost,1.75,0.3885,0.49550898203592814,0.3590655154900965,0.4798590130916415,0.2229299363057325,0.3569374550682962,0.4340085942295887,0.42000881445570737,0.3446969696969697,993,299,389,323,616,707,380,266,483,274,953,276,690,349,547,455
AdaBoost,2.0,0.290375,0.9995009980039921,0.16251904520060945,0.0,0.0,0.2639346422453551,0.7785888077858881,0.0,0.0,2003,1,0,0,1649,320,0,0,1931,55,0,0,2006,35,0,0
MLPClassifier,1,0.3835,0.6601796407185628,0.3372270187912646,0.47079556898288016,0.07153356197942186,0.33578680203045685,0.4403183023872679,0.4292929292929293,0.39037433155080214,1323,259,348,74,877,664,372,56,673,280,935,98,1067,305,523,146
MLPClassifier,0.8,0.393625,0.5868263473053892,0.37480954799390553,0.39677744209466265,0.21901028907398334,0.35031277926720283,0.4308231173380035,0.45628257093225244,0.371571072319202,1176,311,284,233,727,738,276,228,601,302,788,295,853,362,379,447
MLPClassifier,0.6,0.393875,0.4740518962075848,0.24834941594718132,0.648036253776435,0.2082312591866732,0.38680781758957655,0.5326797385620915,0.3619235095613048,0.397196261682243,950,125,698,231,567,489,709,204,329,160,1287,210,610,144,862,425
MLPClassifier,0.4,0.376375,0.6387225548902196,0.20975114271203657,0.5654582074521651,0.09554140127388536,0.3495357728017477,0.559620596205962,0.3627260981912145,0.3869047619047619,1280,77,551,96,830,413,632,94,607,137,1123,119,945,111,790,195
MLPClassifier,0.2,0.395875,0.4875249500998004,0.47892331132554594,0.4093655589123867,0.212640862322391,0.3826870348609479,0.377502001601281,0.4562289562289562,0.3718937446443873,977,537,275,215,528,943,291,207,401,461,813,311,647,557,403,434
MLPClassifier,0.1,0.368375,0.2944111776447106,0.6389029964448959,0.40483383685800606,0.14453699167074963,0.3889255108767304,0.324980625161457,0.45092540661805947,0.3558504221954162,590,944,281,189,294,1258,283,134,286,685,804,211,347,984,415,295
MLPClassifier,0.05,0.396375,0.31736526946107785,0.3499238191975622,0.5669687814702921,0.3527682508574228,0.4401384083044983,0.45719973457199736,0.38066260987153483,0.3444976076555024,636,292,560,516,308,689,557,415,185,236,1126,439,316,290,715,720
MLPClassifier,0.025,0.36225,0.3847305389221557,0.6688674454037582,0.2980866062437059,0.10681038706516413,0.38607911867801703,0.3132730732635585,0.48012976480129765,0.38515901060070673,771,930,187,116,405,1317,165,82,361,883,592,150,460,1074,289,218
MLPClassifier,0.01,0.37525,0.7290419161676647,0.18435754189944134,0.39123867069486407,0.19647231749142577,0.32223202470224965,0.6258620689655172,0.45359019264448336,0.34185848252344414,1461,40,270,233,1078,363,273,255,822,103,777,284,1173,74,393,401
RandomForestClassifier,1,0.269,0.0,0.08583037074657186,0.9984894259818731,0.0,0.0,0.9657142857142857,0.2534185303514377,0.0,0,0,2004,0,0,169,1800,0,0,3,1983,0,0,3,2038,0
RandomForestClassifier,2,0.344125,0.47604790419161674,0.08583037074657186,0.7683786505538771,0.050955414012738856,0.363013698630137,0.9657142857142857,0.3153544120686092,0.2905027932960894,954,0,952,98,607,169,1102,91,392,3,1526,65,675,3,1259,104
RandomForestClassifier,3,0.36775,0.45708582834331335,0.16251904520060945,0.6671701913393756,0.1866731994120529,0.3737250101999184,0.7785888077858881,0.3395694515633009,0.308252427184466,916,1,803,284,570,320,765,314,349,55,1325,257,616,35,1009,381
RandomForestClassifier,4,0.370875,0.45858283433133734,0.16455053326561705,0.5911379657603223,0.2694757471827536,0.37787828947368424,0.7248322147651006,0.352129574085183,0.30777839955232233,919,11,657,417,555,324,645,445,369,68,1174,375,589,44,858,550
RandomForestClassifier,5,0.378125,0.43313373253493015,0.19959370238699847,0.6319234642497482,0.24938755512003918,0.383053839364519,0.6328502415458938,0.35372040586245773,0.32523961661341855,868,53,720,363,515,393,667,394,344,88,1255,299,539,87,906,509
RandomForestClassifier,6,0.38375,0.45159680638722555,0.20670391061452514,0.5669687814702921,0.30965213130818225,0.3755186721991701,0.6460317460317461,0.37886944818304175,0.317907444668008,905,42,554,503,546,407,536,480,399,88,1126,373,560,93,756,632
RandomForestClassifier,7,0.392625,0.42015968063872255,0.2346368715083799,0.5886203423967774,0.3272905438510534,0.38873499538319484,0.5938303341902313,0.38290206354405504,0.33349975037443835,842,79,568,515,491,462,560,456,326,127,1169,364,507,110,756,668
RandomForestClassifier,8,0.388625,0.40768463073852296,0.2564753682072118,0.5614300100704934,0.329250367466928,0.3861058601134216,0.5227743271221532,0.38002726653033403,0.3387096774193548,817,155,541,491,466,505,542,456,353,153,1115,365,480,153,736,672
RandomForestClassifier,9,0.388125,0.4560878243512974,0.2656170644997461,0.5236656596173213,0.3076923076923077,0.38051623646960864,0.49293119698397736,0.39588884659307194,0.3287958115183246,914,150,469,471,537,523,460,449,391,193,1040,362,560,195,658,628
RandomForestClassifier,10,0.385625,0.4426147704590818,0.27120365667851704,0.5211480362537765,0.3081822635962763,0.37809036658141515,0.48633879781420764,0.39458635150590926,0.3254009311950336,887,179,468,470,518,534,463,454,386,185,1035,380,555,200,657,629
RandomForestClassifier,11,0.392,0.4276447105788423,0.30726256983240224,0.513595166163142,0.3204311611954924,0.38173719376391985,0.46826625386996906,0.3968871595330739,0.34548335974643424,857,219,471,457,488,605,451,425,384,225,1020,357,516,243,628,654
RandomForestClassifier,12,0.38225,0.4286427145708583,0.3158963941086846,0.4823766364551863,0.3032827045565899,0.3700990952175786,0.4680210684725357,0.39214081047891935,0.3245936025170425,859,219,445,481,514,622,433,400,404,217,958,407,544,271,607,619
RandomForestClassifier,13,0.382125,0.42714570858283435,0.31030980192991364,0.46777442094662636,0.3238608525232729,0.3792645104120514,0.42137931034482756,0.39464740866610026,0.3408973697782362,856,260,426,462,516,611,426,416,377,280,929,400,508,299,573,661
RandomForestClassifier,14,0.380875,0.43313373253493015,0.32199085830370744,0.45468277945619334,0.3145516903478687,0.37821350762527234,0.428958051420839,0.39073993942016444,0.33507306889352817,868,261,411,464,497,634,428,410,412,271,903,400,518,312,569,642
RandomForestClassifier,15,0.375125,0.39820359281437123,0.3260538344337227,0.45770392749244715,0.31945124938755515,0.35962145110410093,0.4091778202676864,0.40097044552271727,0.33521850899742933,798,304,406,496,506,642,412,409,395,294,909,388,520,329,540,652
Decison Tree we can see that the more number of features we use to train, the better the result aka accuracy.
For Ada Boost the learning rate 0.75 gives the best accuracy. From there, if we set the rate too high or too low the accuracy actually decreases, this may be due to overfit.
For MLP the best is at 0.05 and 0.2, too small of a alpha lead to overfit and less penalty.
For Random Forest Classifier the best depth is found at depth=7.